Property_ID,City,Property_Type,Bedrooms,Bathrooms,Square_Feet,Listing_Price,Sale_Price,List_Date,Sale_Date,Days_on_Market,Realtor,Status,Commission_Rate,Commission_Earned
P0001,Mississauga,Detached,4,2,2622,699922,651856,2024-09-27,2024-10-20,23,Olivia Chen,Pending,0.045,29333.52
P0002,Scarborough,Semi-Detached,3,4,2333,762889,696727,2023-04-20,2023-05-06,16,Olivia Chen,Sold,0.04,27869.08
P0003,North York,Detached,4,3,2645,1479721,1462549,2024-04-22,2024-05-16,24,Lucas Brown,Listed,0.04,58501.96
P0004,North York,Detached,4,3,540,1540446,1480985,2023-09-28,2023-12-05,68,Ava Singh,Listed,0.04,59239.4
P0005,Vaughan,Townhouse,3,4,3079,1717388,1703806,2024-06-13,2024-07-02,19,Ava Singh,Sold,0.04,68152.24
P0006,Vaughan,Apartment,4,1,676,473809,430808,2023-07-04,2023-08-02,29,Olivia Chen,Pending,0.05,21540.4
P0007,Brampton,Condo,3,2,2978,1501453,1430762,2024-08-11,2024-11-03,84,Mia Garcia,Pending,0.04,57230.48
P0008,Markham,Condo,3,4,2125,1251341,1190977,2023-08-13,2023-10-20,68,Ethan Lee,Pending,0.05,59548.85
P0009,Vaughan,Semi-Detached,5,2,1083,480968,447333,2023-01-12,2023-03-12,59,Noah Williams,Listed,0.05,22366.65
P0010,Markham,Condo,4,1,2424,1269773,1251929,2023-03-24,2023-05-19,56,Ava Singh,Pending,0.04,50077.16
P0011,Mississauga,Semi-Detached,3,3,1302,1181966,1137550,2024-08-31,2024-11-27,88,Olivia Chen,Sold,0.04,45502.0
P0012,Toronto,Condo,4,2,2330,1132711,1097484,2023-01-05,2023-02-21,47,Olivia Chen,Sold,0.05,54874.2
P0013,Markham,Apartment,3,1,2909,889263,885519,2024-11-18,2024-11-29,11,Olivia Chen,Sold,0.04,35420.76
P0014,Mississauga,Detached,2,3,3067,1446681,1368488,2023-06-19,2023-08-03,45,Emma Rodriguez,Listed,0.045,61581.96
P0015,North York,Apartment,2,1,3345,1306639,1303452,2023-10-26,2023-11-17,22,Liam Patel,Pending,0.05,65172.6
P0016,North York,Detached,4,2,1520,618475,575335,2024-07-24,2024-08-29,36,Olivia Chen,Listed,0.05,28766.75
P0017,Mississauga,Apartment,5,2,772,1292895,1247705,2023-12-21,2024-02-08,49,Noah Williams,Pending,0.04,49908.2
P0018,Vaughan,Detached,2,1,2652,1707005,1650320,2023-08-28,2023-11-01,65,Noah Williams,Pending,0.05,82516.0
P0019,Markham,Condo,2,2,975,445754,438845,2023-07-06,2023-09-11,67,Ava Singh,Pending,0.045,19748.02
P0020,Etobicoke,Semi-Detached,5,3,1617,1795963,1782475,2023-12-29,2024-03-28,90,Ethan Lee,Pending,0.05,89123.75
P0021,Etobicoke,Apartment,3,4,907,976137,908171,2023-06-02,2023-06-15,13,Ethan Lee,Pending,0.04,36326.84
P0022,Toronto,Semi-Detached,1,1,1518,611348,580718,2023-04-26,2023-07-15,80,Ethan Lee,Listed,0.04,23228.72
P0023,Toronto,Condo,1,4,2837,864858,840811,2024-10-10,2024-10-26,16,Emma Rodriguez,Listed,0.05,42040.55
P0024,Mississauga,Semi-Detached,4,2,2332,433760,393102,2023-05-18,2023-06-22,35,Mia Garcia,Listed,0.045,17689.59
P0025,Scarborough,Condo,1,1,2741,1410949,1391879,2023-05-13,2023-06-16,34,Mia Garcia,Sold,0.045,62634.56
P0026,North York,Detached,2,2,1627,1396973,1363963,2024-05-13,2024-06-21,39,Olivia Chen,Listed,0.045,61378.33
P0027,Mississauga,Townhouse,2,2,622,1793447,1776514,2024-10-06,2024-11-09,34,Emma Rodriguez,Pending,0.045,79943.13
P0028,Mississauga,Townhouse,5,3,1352,1142693,1136958,2023-10-26,2023-11-15,20,Noah Williams,Listed,0.045,51163.11
P0029,Scarborough,Apartment,3,2,553,521193,442001,2024-07-05,2024-10-03,90,Ethan Lee,Pending,0.045,19890.04
P0030,Scarborough,Townhouse,5,3,694,410868,355818,2024-11-08,2024-11-25,17,Ethan Lee,Pending,0.04,14232.72
P0031,Etobicoke,Townhouse,1,2,1173,967638,910249,2024-04-02,2024-04-26,24,Ava Singh,Listed,0.045,40961.21
P0032,North York,Semi-Detached,3,1,1190,635295,572712,2023-07-06,2023-08-07,32,Ethan Lee,Listed,0.045,25772.04
P0033,Toronto,Apartment,1,3,1146,1661392,1614013,2024-07-12,2024-09-22,72,Emma Rodriguez,Pending,0.05,80700.65
P0034,Brampton,Apartment,4,1,1169,800221,784097,2024-04-05,2024-05-07,32,Emma Rodriguez,Pending,0.04,31363.88
P0035,Brampton,Condo,4,1,2553,563416,520533,2023-08-29,2023-11-05,68,Lucas Brown,Sold,0.04,20821.32
P0036,Brampton,Townhouse,3,2,2166,1103961,1033890,2024-01-11,2024-03-02,51,Ethan Lee,Listed,0.04,41355.6
P0037,Etobicoke,Condo,3,3,2036,1372020,1345553,2023-05-20,2023-08-16,88,Olivia Chen,Listed,0.05,67277.65
P0038,Scarborough,Semi-Detached,2,2,1653,1254121,1201214,2024-05-30,2024-06-17,18,Ethan Lee,Sold,0.04,48048.56
P0039,Brampton,Condo,4,3,1710,871753,792511,2023-09-27,2023-11-25,59,Mia Garcia,Listed,0.04,31700.44
P0040,Brampton,Townhouse,1,4,3057,1415024,1374245,2024-03-17,2024-05-23,67,Mia Garcia,Listed,0.05,68712.25
P0041,Markham,Apartment,3,1,2380,1594889,1568352,2024-01-08,2024-03-07,59,Olivia Chen,Listed,0.045,70575.84
P0042,Etobicoke,Condo,3,4,1828,598458,548566,2024-10-18,2024-10-30,12,Ava Singh,Listed,0.04,21942.64
P0043,Markham,Semi-Detached,5,4,2339,1071759,1070235,2024-10-05,2024-12-30,86,Ava Singh,Sold,0.05,53511.75
P0044,Brampton,Detached,3,3,2554,1244772,1191476,2023-06-03,2023-07-02,29,Ava Singh,Sold,0.05,59573.8
P0045,Mississauga,Semi-Detached,3,3,1289,1014074,964814,2024-09-15,2024-11-29,75,Liam Patel,Listed,0.045,43416.63
P0046,Vaughan,Semi-Detached,2,3,2888,1363630,1358303,2023-01-21,2023-04-10,79,Ethan Lee,Sold,0.05,67915.15
P0047,Markham,Condo,2,4,3495,891984,844102,2024-05-28,2024-06-12,15,Noah Williams,Sold,0.045,37984.59
P0048,Markham,Detached,4,3,1817,461984,384317,2023-07-01,2023-08-24,54,Lucas Brown,Listed,0.045,17294.26
P0049,Brampton,Semi-Detached,4,3,810,1273914,1201286,2024-01-19,2024-03-08,49,Ethan Lee,Pending,0.045,54057.87
P0050,Vaughan,Apartment,5,2,1346,1153357,1083242,2023-10-21,2024-01-06,77,Liam Patel,Listed,0.05,54162.1
P0051,Brampton,Detached,1,4,1927,629673,564634,2024-08-29,2024-10-01,33,Mia Garcia,Sold,0.05,28231.7
P0052,Brampton,Semi-Detached,1,3,1494,726819,720445,2023-06-27,2023-09-11,76,Ava Singh,Sold,0.045,32420.02
P0053,Etobicoke,Detached,3,4,2505,1705371,1646240,2024-11-30,2025-02-04,66,Liam Patel,Sold,0.045,74080.8
P0054,Scarborough,Apartment,1,3,2108,1758405,1739654,2023-07-15,2023-09-15,62,Olivia Chen,Pending,0.04,69586.16
P0055,Markham,Apartment,1,3,3287,1697916,1629407,2023-08-19,2023-11-05,78,Emma Rodriguez,Pending,0.045,73323.32
P0056,Vaughan,Detached,2,1,1270,1098840,1048366,2024-10-24,2025-01-11,79,Lucas Brown,Listed,0.05,52418.3
P0057,Vaughan,Semi-Detached,3,2,1285,1408084,1380992,2024-08-02,2024-10-09,68,Ethan Lee,Pending,0.045,62144.64
P0058,North York,Condo,4,1,881,1702421,1680056,2024-04-15,2024-05-14,29,Mia Garcia,Sold,0.04,67202.24
P0059,North York,Detached,5,1,2766,1030662,957655,2023-06-24,2023-07-17,23,Olivia Chen,Listed,0.04,38306.2
P0060,Markham,Semi-Detached,4,2,3351,654540,636792,2024-04-19,2024-05-16,27,Olivia Chen,Listed,0.04,25471.68
P0061,Vaughan,Condo,5,3,3442,1338377,1278220,2023-10-28,2024-01-02,66,Mia Garcia,Sold,0.045,57519.9
P0062,Vaughan,Condo,1,4,1869,1054284,1023631,2023-06-14,2023-08-27,74,Noah Williams,Pending,0.045,46063.39
P0063,Vaughan,Apartment,1,3,2134,1245749,1221376,2023-10-18,2024-01-02,76,Ava Singh,Pending,0.045,54961.92
P0064,North York,Condo,3,3,1404,476610,476488,2023-09-12,2023-10-15,33,Liam Patel,Listed,0.04,19059.52
P0065,Brampton,Apartment,1,2,707,700258,684234,2023-09-28,2023-10-14,16,Emma Rodriguez,Listed,0.04,27369.36
P0066,North York,Townhouse,3,4,3446,1411326,1359126,2024-09-22,2024-11-19,58,Liam Patel,Pending,0.04,54365.04
P0067,Mississauga,Townhouse,5,2,3498,1106507,1042859,2023-12-06,2024-01-22,47,Noah Williams,Listed,0.04,41714.36
P0068,Etobicoke,Townhouse,2,4,3443,918845,850035,2024-07-16,2024-08-16,31,Ava Singh,Sold,0.045,38251.57
P0069,Vaughan,Detached,5,2,742,1555630,1547429,2023-07-26,2023-09-13,49,Liam Patel,Pending,0.04,61897.16
P0070,Scarborough,Semi-Detached,5,3,681,1120670,1093904,2023-04-16,2023-07-04,79,Ethan Lee,Sold,0.05,54695.2
P0071,Mississauga,Semi-Detached,1,1,2275,600781,572170,2023-11-06,2024-01-05,60,Mia Garcia,Sold,0.05,28608.5
P0072,Etobicoke,Condo,2,4,603,1334577,1306315,2024-11-02,2024-12-17,45,Olivia Chen,Pending,0.05,65315.75
P0073,Mississauga,Semi-Detached,5,4,804,1744750,1734659,2024-01-19,2024-03-18,59,Ava Singh,Sold,0.04,69386.36
P0074,Markham,Condo,2,4,1282,675423,653450,2023-05-26,2023-05-31,5,Lucas Brown,Pending,0.05,32672.5
P0075,Markham,Semi-Detached,1,3,1878,1012813,974014,2023-04-28,2023-06-08,41,Liam Patel,Pending,0.05,48700.7
P0076,Scarborough,Semi-Detached,4,2,3264,1548653,1491677,2023-11-20,2023-12-14,24,Olivia Chen,Sold,0.05,74583.85
P0077,Markham,Condo,3,1,2300,919715,862897,2023-07-10,2023-09-12,64,Olivia Chen,Listed,0.05,43144.85
P0078,Etobicoke,Townhouse,4,2,1539,833353,773332,2024-10-19,2024-12-17,59,Liam Patel,Listed,0.05,38666.6
P0079,Mississauga,Detached,1,1,2278,828348,808745,2024-06-13,2024-07-28,45,Emma Rodriguez,Sold,0.04,32349.8
P0080,Vaughan,Townhouse,3,3,739,1571740,1544949,2024-02-28,2024-03-28,29,Liam Patel,Sold,0.045,69522.71
P0081,Toronto,Detached,3,1,832,1226974,1200654,2024-09-03,2024-09-11,8,Ava Singh,Listed,0.045,54029.43
P0082,Vaughan,Townhouse,3,4,1738,1776462,1750686,2023-11-24,2024-01-12,49,Mia Garcia,Listed,0.045,78780.87
P0083,Scarborough,Condo,5,2,998,949118,928562,2023-05-06,2023-07-06,61,Lucas Brown,Pending,0.045,41785.29
P0084,Mississauga,Detached,4,1,3263,1164997,1119340,2024-11-13,2024-12-28,45,Mia Garcia,Sold,0.05,55967.0
P0085,Etobicoke,Townhouse,1,3,758,412344,335351,2023-07-26,2023-09-09,45,Ava Singh,Listed,0.045,15090.8
P0086,Scarborough,Detached,2,3,1552,1176801,1118056,2023-03-02,2023-03-14,12,Lucas Brown,Listed,0.05,55902.8
P0087,North York,Apartment,3,4,1159,1049884,1024074,2023-01-09,2023-03-16,66,Mia Garcia,Listed,0.05,51203.7
P0088,Etobicoke,Apartment,4,3,1472,1290284,1223395,2023-10-14,2024-01-04,82,Olivia Chen,Listed,0.045,55052.78
P0089,Markham,Apartment,4,3,3067,624183,607004,2023-05-15,2023-06-14,30,Emma Rodriguez,Sold,0.045,27315.18
P0090,Brampton,Detached,3,2,3403,1226820,1198725,2024-09-17,2024-11-30,74,Olivia Chen,Listed,0.045,53942.62
P0091,Toronto,Detached,3,3,2184,1286620,1234803,2024-03-28,2024-05-21,54,Ava Singh,Listed,0.04,49392.12
P0092,Markham,Semi-Detached,2,4,2784,1089075,1010019,2024-08-26,2024-10-02,37,Mia Garcia,Pending,0.04,40400.76
P0093,Etobicoke,Detached,1,2,1848,556971,484212,2023-07-08,2023-08-24,47,Ava Singh,Listed,0.05,24210.6
P0094,Scarborough,Detached,4,1,902,961038,946082,2024-04-06,2024-06-01,56,Ava Singh,Pending,0.05,47304.1
P0095,Toronto,Apartment,4,4,1550,1162615,1157598,2023-01-06,2023-02-06,31,Emma Rodriguez,Pending,0.04,46303.92
P0096,Scarborough,Townhouse,5,4,1402,626417,586490,2024-05-26,2024-06-05,10,Ethan Lee,Listed,0.05,29324.5
P0097,Vaughan,Apartment,4,4,1918,876144,823303,2023-06-27,2023-09-18,83,Olivia Chen,Sold,0.05,41165.15
P0098,Scarborough,Semi-Detached,3,2,2637,1122463,1114292,2024-04-17,2024-05-21,34,Mia Garcia,Listed,0.045,50143.14
P0099,North York,Semi-Detached,1,4,2991,824468,770398,2024-03-18,2024-05-31,74,Noah Williams,Pending,0.045,34667.91
P0100,Markham,Townhouse,4,4,1031,972423,959348,2024-02-14,2024-03-15,30,Mia Garcia,Listed,0.05,47967.4
P0101,North York,Detached,2,3,2933,855405,830794,2023-12-24,2024-02-24,62,Ethan Lee,Sold,0.04,33231.76
P0102,Etobicoke,Condo,3,1,878,1084999,1046042,2024-01-17,2024-01-27,10,Emma Rodriguez,Pending,0.05,52302.1
P0103,North York,Townhouse,2,4,3238,352846,291790,2024-01-18,2024-04-11,84,Emma Rodriguez,Listed,0.04,11671.6
P0104,Toronto,Detached,1,2,1410,391336,320565,2023-11-01,2023-11-08,7,Noah Williams,Listed,0.045,14425.42
P0105,Toronto,Semi-Detached,5,1,3149,566465,533270,2023-03-12,2023-03-25,13,Noah Williams,Sold,0.04,21330.8
P0106,Toronto,Detached,2,4,1082,1660641,1587602,2023-01-03,2023-01-23,20,Noah Williams,Listed,0.045,71442.09
P0107,Scarborough,Semi-Detached,4,1,3145,1245922,1166315,2023-04-28,2023-05-06,8,Ethan Lee,Sold,0.05,58315.75
P0108,Vaughan,Semi-Detached,1,2,2329,753838,724161,2024-11-26,2025-02-15,81,Lucas Brown,Listed,0.04,28966.44
P0109,North York,Condo,1,3,1307,532814,468421,2023-06-22,2023-07-16,24,Olivia Chen,Listed,0.05,23421.05
P0110,North York,Condo,5,3,2524,644637,608565,2023-11-04,2024-01-06,63,Noah Williams,Sold,0.05,30428.25
P0111,Vaughan,Detached,4,4,1113,1360602,1334000,2023-05-04,2023-08-02,90,Mia Garcia,Listed,0.04,53360.0
P0112,Toronto,Condo,2,1,3063,1778842,1747783,2024-11-30,2025-01-16,47,Lucas Brown,Listed,0.05,87389.15
P0113,Brampton,Apartment,5,2,2105,1499213,1470084,2023-04-17,2023-07-12,86,Olivia Chen,Pending,0.05,73504.2
P0114,Scarborough,Apartment,2,1,1218,980553,906862,2024-08-15,2024-09-04,20,Liam Patel,Sold,0.04,36274.48
P0115,Etobicoke,Detached,3,2,2153,994236,917022,2023-02-18,2023-05-06,77,Mia Garcia,Listed,0.05,45851.1
P0116,Vaughan,Condo,5,2,1789,865826,857769,2023-03-12,2023-05-16,65,Emma Rodriguez,Listed,0.05,42888.45
P0117,Mississauga,Townhouse,5,2,2094,385696,366464,2023-07-02,2023-08-24,53,Mia Garcia,Sold,0.045,16490.88
P0118,Markham,Apartment,3,1,2810,1757828,1730086,2024-02-04,2024-03-22,47,Ethan Lee,Listed,0.05,86504.3
P0119,Vaughan,Condo,4,2,3327,510263,487859,2023-07-30,2023-08-23,24,Lucas Brown,Listed,0.045,21953.65
P0120,Scarborough,Condo,5,4,2812,637091,610001,2024-10-14,2024-12-20,67,Olivia Chen,Sold,0.04,24400.04
P0121,Mississauga,Semi-Detached,4,4,1111,915660,852925,2024-08-07,2024-10-03,57,Emma Rodriguez,Listed,0.04,34117.0
P0122,Mississauga,Semi-Detached,3,3,1935,1745257,1736622,2024-06-23,2024-08-16,54,Ethan Lee,Pending,0.04,69464.88
P0123,Etobicoke,Semi-Detached,5,1,3040,1340297,1293380,2023-04-09,2023-04-19,10,Lucas Brown,Sold,0.05,64669.0
P0124,Markham,Condo,4,3,1815,397165,361451,2023-12-08,2024-01-08,31,Emma Rodriguez,Pending,0.05,18072.55
P0125,North York,Semi-Detached,5,1,2149,1792597,1769882,2024-11-11,2024-12-22,41,Emma Rodriguez,Listed,0.05,88494.1
P0126,North York,Condo,2,3,1082,1743828,1736428,2024-06-10,2024-07-14,34,Ava Singh,Sold,0.05,86821.4
P0127,Toronto,Apartment,4,4,3102,1743279,1693393,2024-09-11,2024-11-29,79,Emma Rodriguez,Pending,0.04,67735.72
P0128,Toronto,Semi-Detached,4,2,2018,923925,880524,2024-01-08,2024-02-12,35,Emma Rodriguez,Listed,0.045,39623.58
P0129,Brampton,Semi-Detached,2,2,926,771771,701714,2023-06-07,2023-07-21,44,Liam Patel,Pending,0.05,35085.7
P0130,Scarborough,Townhouse,2,1,3088,1777036,1758370,2023-12-28,2024-03-24,87,Emma Rodriguez,Sold,0.04,70334.8
P0131,Vaughan,Townhouse,1,1,694,1088771,1073784,2023-11-10,2023-12-22,42,Emma Rodriguez,Listed,0.04,42951.36
P0132,Etobicoke,Townhouse,1,2,1760,422943,419774,2023-07-05,2023-08-30,56,Mia Garcia,Pending,0.04,16790.96
P0133,Scarborough,Townhouse,2,2,2226,516867,487175,2023-01-22,2023-04-11,79,Mia Garcia,Pending,0.04,19487.0
P0134,Scarborough,Condo,4,2,1681,694457,666660,2024-03-01,2024-04-21,51,Noah Williams,Sold,0.045,29999.7
P0135,North York,Semi-Detached,5,1,1528,1748735,1706951,2024-10-10,2025-01-03,85,Lucas Brown,Listed,0.045,76812.79
P0136,Vaughan,Semi-Detached,5,4,818,997279,962053,2023-02-11,2023-04-05,53,Ethan Lee,Sold,0.045,43292.38
P0137,Scarborough,Townhouse,3,1,2721,1798428,1774284,2023-04-24,2023-05-20,26,Olivia Chen,Sold,0.04,70971.36
P0138,Vaughan,Detached,3,2,3171,1197673,1160932,2023-07-02,2023-09-05,65,Olivia Chen,Pending,0.045,52241.94
P0139,Etobicoke,Semi-Detached,4,4,829,499742,435990,2024-11-19,2025-02-16,89,Emma Rodriguez,Pending,0.05,21799.5
P0140,Toronto,Condo,1,1,605,1025082,984334,2024-03-30,2024-06-15,77,Olivia Chen,Listed,0.05,49216.7
P0141,Etobicoke,Semi-Detached,3,2,3264,1551328,1474036,2024-02-24,2024-04-18,54,Liam Patel,Pending,0.045,66331.62
P0142,Mississauga,Detached,2,4,756,638449,609101,2023-08-30,2023-10-20,51,Emma Rodriguez,Sold,0.04,24364.04
P0143,Markham,Condo,4,3,1763,446264,437102,2024-10-20,2024-12-18,59,Olivia Chen,Sold,0.05,21855.1
P0144,Mississauga,Condo,5,3,1241,901754,853509,2023-05-11,2023-05-20,9,Lucas Brown,Pending,0.045,38407.9
P0145,Toronto,Condo,1,4,1573,1737361,1676493,2024-10-01,2024-11-03,33,Olivia Chen,Sold,0.04,67059.72
P0146,Toronto,Condo,2,4,2559,576260,523190,2023-02-20,2023-04-05,44,Lucas Brown,Pending,0.05,26159.5
P0147,Markham,Condo,3,4,1092,1278800,1250840,2023-10-08,2023-12-30,83,Ava Singh,Pending,0.04,50033.6
P0148,Scarborough,Apartment,1,3,2730,644644,570611,2023-03-10,2023-04-12,33,Ethan Lee,Sold,0.05,28530.55
P0149,Brampton,Apartment,2,4,663,1492832,1471768,2023-07-03,2023-09-01,60,Ethan Lee,Pending,0.05,73588.4
P0150,Brampton,Detached,4,1,1203,387538,340329,2023-11-19,2023-12-19,30,Olivia Chen,Sold,0.04,13613.16
P0151,Mississauga,Condo,5,1,2933,1107202,1053756,2024-04-28,2024-06-28,61,Lucas Brown,Pending,0.045,47419.02
P0152,Brampton,Apartment,1,3,1915,609308,568151,2024-04-05,2024-04-17,12,Noah Williams,Sold,0.05,28407.55
P0153,Vaughan,Townhouse,5,3,3471,1480284,1408540,2023-06-05,2023-08-24,80,Lucas Brown,Listed,0.04,56341.6
P0154,North York,Detached,2,2,3468,834647,771914,2024-01-04,2024-03-11,67,Lucas Brown,Pending,0.045,34736.13
P0155,Brampton,Townhouse,4,4,3471,1425423,1394904,2024-07-10,2024-08-07,28,Ava Singh,Pending,0.045,62770.68
P0156,North York,Condo,1,1,1135,974927,932588,2023-11-21,2024-02-13,84,Ethan Lee,Listed,0.05,46629.4
P0157,Brampton,Detached,2,4,948,985287,912411,2024-10-06,2024-12-02,57,Noah Williams,Pending,0.05,45620.55
P0158,Etobicoke,Apartment,3,2,1194,498469,463849,2023-08-05,2023-10-26,82,Emma Rodriguez,Pending,0.04,18553.96
P0159,Vaughan,Semi-Detached,5,4,1573,811759,733007,2024-05-30,2024-08-20,82,Ethan Lee,Sold,0.04,29320.28
P0160,Vaughan,Apartment,4,2,3304,924361,918358,2023-06-19,2023-07-22,33,Olivia Chen,Pending,0.045,41326.11
P0161,Markham,Apartment,5,4,3211,1450858,1418978,2023-09-08,2023-11-22,75,Emma Rodriguez,Sold,0.05,70948.9
P0162,Toronto,Condo,1,1,1556,1302469,1267831,2024-06-29,2024-07-08,9,Mia Garcia,Pending,0.05,63391.55
P0163,Markham,Apartment,2,4,690,1740421,1687673,2023-06-22,2023-08-18,57,Mia Garcia,Sold,0.045,75945.29
P0164,Vaughan,Apartment,4,4,3459,457225,401904,2023-01-23,2023-03-22,58,Liam Patel,Listed,0.05,20095.2
P0165,Toronto,Condo,3,4,940,1445191,1417315,2024-06-06,2024-08-13,68,Ava Singh,Sold,0.05,70865.75
P0166,Mississauga,Semi-Detached,2,1,733,514165,450760,2024-07-06,2024-08-13,38,Ethan Lee,Sold,0.045,20284.2
P0167,Scarborough,Condo,2,3,3468,1562521,1499188,2024-04-06,2024-07-05,90,Noah Williams,Sold,0.045,67463.46
P0168,North York,Condo,2,1,3020,1298693,1234269,2023-07-21,2023-09-22,63,Mia Garcia,Sold,0.04,49370.76
P0169,Mississauga,Semi-Detached,1,2,1406,881502,880592,2024-11-01,2025-01-16,76,Noah Williams,Listed,0.05,44029.6
P0170,Mississauga,Detached,4,4,2962,1377550,1363274,2024-04-22,2024-07-18,87,Lucas Brown,Pending,0.04,54530.96
P0171,Toronto,Townhouse,1,1,735,815610,806377,2023-02-28,2023-05-08,69,Olivia Chen,Sold,0.05,40318.85
P0172,Mississauga,Apartment,5,2,1509,1713384,1662714,2024-02-27,2024-03-07,9,Ethan Lee,Listed,0.04,66508.56
P0173,Markham,Apartment,3,1,2160,583210,551255,2024-08-04,2024-10-12,69,Olivia Chen,Pending,0.045,24806.47
P0174,Toronto,Semi-Detached,1,4,1290,698051,630149,2023-11-02,2024-01-28,87,Noah Williams,Pending,0.045,28356.7
P0175,Brampton,Townhouse,1,2,1410,1708295,1653031,2024-05-09,2024-08-03,86,Emma Rodriguez,Sold,0.04,66121.24
P0176,Etobicoke,Apartment,3,2,3096,643558,570615,2024-03-14,2024-03-24,10,Mia Garcia,Listed,0.045,25677.67
P0177,Scarborough,Detached,5,1,2923,729998,654822,2023-11-16,2024-01-31,76,Emma Rodriguez,Listed,0.05,32741.1
P0178,Brampton,Condo,2,1,3107,648436,628078,2023-01-12,2023-01-23,11,Lucas Brown,Sold,0.05,31403.9
P0179,Vaughan,Townhouse,1,2,1315,1546471,1537203,2024-02-05,2024-03-10,34,Noah Williams,Listed,0.045,69174.13
P0180,North York,Semi-Detached,2,4,1942,1686049,1613947,2024-11-06,2024-12-24,48,Ethan Lee,Pending,0.04,64557.88
P0181,Markham,Townhouse,4,2,2972,1560466,1505383,2024-10-03,2024-11-15,43,Mia Garcia,Listed,0.045,67742.24
P0182,Markham,Detached,2,3,1350,770181,738771,2024-02-11,2024-05-09,88,Ava Singh,Listed,0.045,33244.69
P0183,Etobicoke,Townhouse,3,4,1516,1009294,979472,2023-05-21,2023-06-21,31,Liam Patel,Sold,0.04,39178.88
P0184,Toronto,Condo,4,3,933,1795533,1746790,2024-04-09,2024-05-30,51,Noah Williams,Pending,0.04,69871.6
P0185,Vaughan,Condo,5,1,1758,873136,868941,2023-12-20,2024-01-31,42,Emma Rodriguez,Listed,0.04,34757.64
P0186,North York,Detached,3,2,3207,1059866,1036669,2023-09-18,2023-10-25,37,Ethan Lee,Pending,0.045,46650.1
P0187,Toronto,Semi-Detached,3,3,2185,1225403,1153025,2024-01-03,2024-02-08,36,Emma Rodriguez,Listed,0.045,51886.12
P0188,Brampton,Townhouse,1,1,1501,994597,962031,2024-11-06,2024-12-06,30,Lucas Brown,Pending,0.04,38481.24
P0189,North York,Apartment,3,4,2190,1081761,1018216,2023-10-09,2023-10-23,14,Lucas Brown,Listed,0.045,45819.72
P0190,North York,Detached,5,4,3295,1532289,1467249,2023-11-02,2024-01-21,80,Noah Williams,Listed,0.045,66026.21
P0191,Brampton,Townhouse,4,1,2855,880443,869370,2023-02-11,2023-03-08,25,Mia Garcia,Sold,0.045,39121.65
P0192,Vaughan,Townhouse,5,3,3093,1206462,1129168,2023-04-17,2023-05-13,26,Noah Williams,Listed,0.05,56458.4
P0193,Scarborough,Townhouse,3,4,1516,904669,861762,2023-07-30,2023-09-25,57,Ava Singh,Pending,0.04,34470.48
P0194,Toronto,Townhouse,3,4,1099,1045169,1011526,2024-07-03,2024-08-21,49,Mia Garcia,Listed,0.045,45518.67
P0195,North York,Apartment,5,3,2163,661934,590010,2024-01-08,2024-02-09,32,Olivia Chen,Sold,0.04,23600.4
P0196,Markham,Townhouse,5,4,3074,1612832,1606363,2023-01-28,2023-04-02,64,Ava Singh,Pending,0.045,72286.33
P0197,Brampton,Condo,2,4,2816,1117054,1095017,2023-05-03,2023-06-06,34,Olivia Chen,Listed,0.05,54750.85
P0198,Scarborough,Apartment,3,4,1840,1751533,1738316,2024-06-12,2024-08-18,67,Ethan Lee,Sold,0.05,86915.8
P0199,Vaughan,Detached,4,2,3334,1792792,1714531,2024-11-22,2025-01-30,69,Liam Patel,Pending,0.045,77153.9
P0200,Markham,Townhouse,1,3,1188,1207362,1143060,2023-01-02,2023-01-22,20,Liam Patel,Listed,0.045,51437.7
P0201,Vaughan,Condo,1,2,1032,1076891,1042227,2023-11-19,2024-02-13,86,Ethan Lee,Listed,0.045,46900.21
P0202,Vaughan,Detached,5,4,1370,966074,909046,2024-03-20,2024-04-15,26,Lucas Brown,Listed,0.045,40907.07
P0203,Scarborough,Detached,5,4,1682,1465368,1419699,2023-12-31,2024-03-02,62,Olivia Chen,Listed,0.045,63886.45
P0204,Scarborough,Semi-Detached,4,1,1425,893135,841602,2023-03-10,2023-04-06,27,Ava Singh,Sold,0.04,33664.08
P0205,Markham,Townhouse,1,3,2696,907697,884104,2023-10-27,2024-01-19,84,Ethan Lee,Listed,0.05,44205.2
P0206,Etobicoke,Apartment,2,2,1037,1169179,1135878,2023-09-08,2023-10-29,51,Ava Singh,Pending,0.045,51114.51
P0207,Etobicoke,Detached,1,4,881,1743431,1696481,2024-09-26,2024-12-15,80,Ethan Lee,Sold,0.05,84824.05
P0208,Vaughan,Apartment,2,2,2001,1568745,1523836,2024-10-13,2024-10-23,10,Ava Singh,Listed,0.04,60953.44
P0209,Markham,Townhouse,1,2,994,1082618,1014607,2023-03-05,2023-04-08,34,Ava Singh,Sold,0.04,40584.28
P0210,Scarborough,Semi-Detached,1,4,1178,1045326,990334,2023-12-01,2024-01-07,37,Ava Singh,Pending,0.05,49516.7
P0211,Vaughan,Apartment,5,1,3440,1510840,1445058,2024-11-03,2025-01-22,80,Noah Williams,Sold,0.045,65027.61
P0212,Brampton,Townhouse,1,4,1660,1238259,1174449,2023-04-09,2023-06-01,53,Olivia Chen,Pending,0.05,58722.45
P0213,Brampton,Apartment,5,4,617,1153531,1122862,2024-09-19,2024-12-01,73,Lucas Brown,Listed,0.04,44914.48
P0214,Vaughan,Detached,5,3,2847,1035454,960268,2023-12-25,2024-01-08,14,Emma Rodriguez,Pending,0.04,38410.72
P0215,Scarborough,Semi-Detached,1,1,1939,691894,635610,2023-04-04,2023-06-30,87,Mia Garcia,Sold,0.04,25424.4
P0216,Vaughan,Semi-Detached,3,2,706,854234,804433,2023-04-30,2023-05-14,14,Liam Patel,Listed,0.04,32177.32
P0217,Brampton,Detached,2,4,3297,607232,528803,2023-11-06,2023-11-13,7,Liam Patel,Listed,0.04,21152.12
P0218,Etobicoke,Detached,3,4,1193,1614219,1567904,2023-02-04,2023-03-27,51,Liam Patel,Pending,0.045,70555.68
P0219,Markham,Detached,5,2,2226,1534022,1528207,2024-10-29,2024-11-03,5,Liam Patel,Pending,0.04,61128.28
P0220,Etobicoke,Apartment,1,4,578,925567,866261,2024-11-03,2025-01-06,64,Ethan Lee,Pending,0.045,38981.74
P0221,Mississauga,Condo,5,3,3303,1131883,1121418,2023-06-03,2023-06-10,7,Olivia Chen,Sold,0.04,44856.72
P0222,Etobicoke,Semi-Detached,3,4,2238,798529,734466,2024-06-26,2024-09-05,71,Mia Garcia,Sold,0.045,33050.97
P0223,Markham,Condo,4,4,2612,727983,717201,2023-11-02,2024-01-19,78,Ethan Lee,Pending,0.045,32274.04
P0224,Brampton,Townhouse,5,3,1107,377084,326286,2023-03-31,2023-06-11,72,Noah Williams,Pending,0.05,16314.3
P0225,Brampton,Semi-Detached,2,3,1394,1511127,1471239,2023-06-11,2023-07-03,22,Emma Rodriguez,Listed,0.04,58849.56
P0226,Vaughan,Semi-Detached,3,2,2061,490440,424622,2024-04-25,2024-05-13,18,Olivia Chen,Pending,0.045,19107.99
P0227,North York,Condo,5,2,2434,1709760,1655680,2023-12-07,2024-01-15,39,Noah Williams,Listed,0.045,74505.6
P0228,Brampton,Townhouse,1,1,2298,631273,621451,2023-07-06,2023-08-19,44,Mia Garcia,Listed,0.045,27965.29
P0229,Brampton,Condo,4,3,2715,852821,844633,2023-03-30,2023-04-06,7,Lucas Brown,Sold,0.04,33785.32
P0230,Etobicoke,Apartment,3,2,3258,1072550,1032734,2023-03-31,2023-05-29,59,Liam Patel,Listed,0.05,51636.7
P0231,North York,Condo,5,1,1418,1386311,1352390,2023-09-21,2023-10-12,21,Ethan Lee,Pending,0.04,54095.6
P0232,Scarborough,Condo,5,1,825,731490,697553,2024-07-08,2024-07-30,22,Mia Garcia,Sold,0.05,34877.65
P0233,Mississauga,Townhouse,3,3,928,489206,444606,2023-10-02,2023-10-25,23,Noah Williams,Pending,0.04,17784.24
P0234,Toronto,Semi-Detached,3,1,3073,1443117,1407141,2024-03-30,2024-05-02,33,Ava Singh,Pending,0.05,70357.05
P0235,Toronto,Townhouse,2,1,2510,958453,900736,2023-07-31,2023-10-21,82,Ethan Lee,Sold,0.04,36029.44
P0236,Mississauga,Condo,4,4,1767,1377631,1370537,2024-03-14,2024-04-28,45,Emma Rodriguez,Pending,0.05,68526.85
P0237,Toronto,Detached,5,1,1396,550070,521528,2024-04-23,2024-06-15,53,Emma Rodriguez,Listed,0.04,20861.12
P0238,Brampton,Condo,1,1,2177,1050603,1005058,2024-11-23,2025-01-20,58,Liam Patel,Listed,0.05,50252.9
P0239,Brampton,Condo,2,3,685,417101,402420,2024-01-09,2024-03-25,76,Liam Patel,Sold,0.05,20121.0
P0240,North York,Apartment,5,2,890,655806,636069,2024-06-17,2024-07-18,31,Lucas Brown,Sold,0.04,25442.76
P0241,Vaughan,Detached,3,1,605,1195831,1158235,2023-10-06,2023-10-30,24,Noah Williams,Sold,0.05,57911.75
P0242,Markham,Apartment,1,4,1486,388956,321085,2023-11-26,2023-12-07,11,Noah Williams,Pending,0.045,14448.82
P0243,Mississauga,Semi-Detached,2,2,505,1056270,983647,2024-10-12,2024-12-29,78,Noah Williams,Sold,0.045,44264.11
P0244,Mississauga,Semi-Detached,1,4,693,1021812,1011772,2023-04-06,2023-06-10,65,Mia Garcia,Listed,0.05,50588.6
P0245,Toronto,Condo,1,4,2034,1610267,1590807,2023-10-29,2024-01-27,90,Liam Patel,Listed,0.05,79540.35
P0246,Mississauga,Detached,5,1,1347,1511008,1504515,2023-01-12,2023-03-13,60,Emma Rodriguez,Pending,0.045,67703.18
P0247,Etobicoke,Apartment,2,2,2501,1730192,1689557,2024-09-19,2024-11-22,64,Ethan Lee,Sold,0.04,67582.28
P0248,Toronto,Townhouse,3,3,3063,1336248,1332984,2023-05-02,2023-06-18,47,Olivia Chen,Pending,0.045,59984.28
P0249,Brampton,Detached,1,2,3044,1472251,1400889,2024-03-01,2024-04-04,34,Liam Patel,Listed,0.045,63040.0
P0250,Scarborough,Semi-Detached,3,4,3491,666241,616964,2024-11-03,2024-12-06,33,Ava Singh,Listed,0.04,24678.56
P0251,North York,Townhouse,5,2,811,1292512,1282683,2024-07-19,2024-10-12,85,Olivia Chen,Pending,0.05,64134.15
P0252,Toronto,Apartment,2,4,661,942839,932185,2023-09-23,2023-11-03,41,Liam Patel,Pending,0.04,37287.4
P0253,Vaughan,Condo,2,2,2924,1797921,1767158,2023-03-17,2023-04-25,39,Olivia Chen,Pending,0.05,88357.9
P0254,Brampton,Apartment,4,1,2105,1448281,1432874,2023-03-18,2023-04-04,17,Liam Patel,Pending,0.04,57314.96
P0255,Vaughan,Condo,3,3,1303,772294,727376,2024-05-28,2024-07-05,38,Emma Rodriguez,Listed,0.05,36368.8
P0256,Toronto,Townhouse,5,1,1533,372120,316908,2023-07-13,2023-10-10,89,Ethan Lee,Sold,0.045,14260.86
P0257,Markham,Semi-Detached,4,4,3409,504505,463431,2024-03-01,2024-03-30,29,Mia Garcia,Pending,0.05,23171.55
P0258,North York,Semi-Detached,5,1,3366,577756,533688,2023-10-08,2023-10-31,23,Noah Williams,Pending,0.045,24015.96
P0259,Toronto,Condo,4,3,767,1717700,1702013,2024-01-26,2024-04-06,71,Emma Rodriguez,Pending,0.045,76590.58
P0260,Vaughan,Townhouse,1,2,2950,579488,504795,2024-05-07,2024-08-02,87,Ava Singh,Pending,0.045,22715.77
P0261,North York,Townhouse,1,2,1883,1298345,1235429,2023-01-04,2023-01-18,14,Ava Singh,Sold,0.045,55594.31
P0262,Mississauga,Apartment,1,1,1949,1477508,1452537,2023-02-06,2023-03-19,41,Ethan Lee,Listed,0.04,58101.48
P0263,Vaughan,Townhouse,4,3,1211,1134865,1087999,2024-11-04,2024-12-18,44,Olivia Chen,Sold,0.04,43519.96
P0264,Markham,Semi-Detached,4,1,3328,890389,878353,2024-10-24,2024-12-29,66,Noah Williams,Pending,0.04,35134.12
P0265,North York,Townhouse,5,4,1272,391302,338660,2023-10-21,2023-11-12,22,Mia Garcia,Pending,0.04,13546.4
P0266,Scarborough,Condo,3,4,3124,521764,460707,2023-05-04,2023-06-30,57,Ethan Lee,Sold,0.04,18428.28
P0267,North York,Townhouse,4,1,2784,958995,937399,2024-02-01,2024-04-26,85,Lucas Brown,Pending,0.05,46869.95
P0268,Markham,Townhouse,2,4,3289,1481158,1403153,2023-07-17,2023-10-02,77,Liam Patel,Sold,0.04,56126.12
P0269,Etobicoke,Detached,1,1,1160,1395617,1391881,2023-01-31,2023-02-20,20,Emma Rodriguez,Listed,0.04,55675.24
P0270,Mississauga,Townhouse,3,2,1697,1419414,1345020,2024-03-17,2024-04-02,16,Mia Garcia,Pending,0.045,60525.9
P0271,Vaughan,Semi-Detached,4,2,3131,1151481,1093230,2024-02-04,2024-04-24,80,Ethan Lee,Sold,0.04,43729.2
P0272,North York,Detached,4,4,2271,414944,374222,2024-03-17,2024-06-02,77,Lucas Brown,Sold,0.05,18711.1
P0273,Vaughan,Condo,5,1,3102,1007682,947107,2023-10-23,2024-01-07,76,Lucas Brown,Listed,0.04,37884.28
P0274,Brampton,Condo,5,1,1581,1689734,1680667,2024-06-03,2024-06-21,18,Olivia Chen,Listed,0.04,67226.68
P0275,Scarborough,Apartment,5,1,2757,1549832,1483796,2024-07-25,2024-10-22,89,Olivia Chen,Pending,0.05,74189.8
P0276,Brampton,Apartment,1,1,627,1572106,1566031,2023-08-02,2023-09-10,39,Emma Rodriguez,Pending,0.05,78301.55
P0277,Etobicoke,Apartment,5,1,2879,1771357,1693428,2023-05-24,2023-07-08,45,Olivia Chen,Listed,0.05,84671.4
P0278,Toronto,Condo,5,1,3089,1573330,1557741,2023-01-31,2023-04-08,67,Liam Patel,Listed,0.045,70098.35
P0279,Brampton,Townhouse,3,2,1270,1354895,1320963,2023-08-08,2023-09-16,39,Ava Singh,Pending,0.045,59443.33
P0280,Brampton,Detached,1,1,3230,1527284,1464981,2024-09-14,2024-11-21,68,Lucas Brown,Listed,0.05,73249.05
P0281,Scarborough,Apartment,2,1,1702,1480753,1451259,2024-07-03,2024-08-27,55,Noah Williams,Pending,0.05,72562.95
P0282,Toronto,Semi-Detached,3,2,618,1161083,1091610,2024-08-06,2024-10-22,77,Emma Rodriguez,Listed,0.04,43664.4
P0283,Toronto,Condo,2,1,2462,492904,438225,2023-10-05,2023-12-22,78,Ethan Lee,Sold,0.05,21911.25
P0284,Markham,Apartment,5,1,2783,358298,298536,2024-03-18,2024-03-25,7,Olivia Chen,Listed,0.05,14926.8
P0285,Vaughan,Townhouse,4,4,950,485769,415374,2023-06-28,2023-09-15,79,Noah Williams,Listed,0.045,18691.83
P0286,North York,Apartment,1,1,2638,1423759,1399629,2023-05-24,2023-06-27,34,Liam Patel,Pending,0.05,69981.45
P0287,Toronto,Townhouse,4,2,3044,1138779,1087258,2023-02-09,2023-02-22,13,Ethan Lee,Pending,0.04,43490.32
P0288,Mississauga,Townhouse,4,3,1477,1188241,1140763,2023-08-19,2023-09-15,27,Emma Rodriguez,Listed,0.04,45630.52
P0289,Vaughan,Apartment,2,1,2146,1522474,1516293,2024-05-28,2024-07-09,42,Liam Patel,Sold,0.04,60651.72
P0290,Markham,Detached,1,2,3455,978044,922556,2023-02-18,2023-04-26,67,Mia Garcia,Sold,0.04,36902.24
P0291,Brampton,Apartment,1,4,935,1075711,999390,2024-01-26,2024-04-03,68,Lucas Brown,Sold,0.05,49969.5
P0292,Mississauga,Apartment,4,2,765,566783,559697,2024-02-14,2024-03-08,23,Liam Patel,Listed,0.04,22387.88
P0293,Brampton,Apartment,5,2,698,413064,394940,2024-08-21,2024-09-26,36,Mia Garcia,Sold,0.04,15797.6
P0294,Scarborough,Detached,3,2,2078,1031381,1026831,2023-03-14,2023-04-14,31,Ava Singh,Sold,0.045,46207.39
P0295,Scarborough,Semi-Detached,3,2,996,802637,731043,2024-05-12,2024-06-24,43,Lucas Brown,Pending,0.04,29241.72
P0296,Mississauga,Detached,5,2,2648,1034938,1024855,2024-09-19,2024-11-26,68,Ethan Lee,Listed,0.04,40994.2
P0297,Brampton,Condo,4,2,2797,958843,938473,2024-10-16,2024-12-27,72,Liam Patel,Sold,0.045,42231.28
P0298,Etobicoke,Apartment,1,3,841,1606785,1579646,2023-11-12,2023-11-28,16,Ava Singh,Pending,0.05,78982.3
P0299,Mississauga,Semi-Detached,1,4,3084,960291,957705,2023-11-16,2024-02-10,86,Ethan Lee,Sold,0.045,43096.72
P0300,Vaughan,Semi-Detached,3,4,2465,724506,708016,2023-12-20,2024-03-17,88,Lucas Brown,Listed,0.04,28320.64
